{"value":{"0":[23.1542377,91.7060547,124.339954,169.6998635,286.478058],"1":[7.76044464,38.7750502,61.1778774,82.95205115,149.062775],"2":[10.7460842,47.858809475,76.3988876,124.828094,240.265701],"3":[0.212403208,9.793043135,20.79335595,35.1914892,73.2820969],"4":[2.7260685,8.20873356,12.570786,18.8378458,34.7783165],"5":[1.86877847,15.707069625,25.25152685,42.425938575,82.4929276],"6":[8.01740265,49.98734475,76.9958038,108.187752,195.333633],"7":[0.98080945,11.707566,21.33051585,34.9339838,69.4902725],"8":[2.94218874,42.089038875,64.98233415,96.167661675,176.582977],"9":[0.341530174,131.92956525,192.466118,263.144653,459.611938],"10":[1.44349289,15.33914565,24.8430214,36.3724146,67.8022614],"11":[0.850318313,7.5029478075,12.0964999,17.45047665,32.3584366],"12":[1.05456913,49.264390025,98.98866655,166.823105,343.122253],"13":[1.33267856,69.317876825,95.08127595,118.15641775,191.326004],"14":[0.212403208,13.66006855,28.740202,67.043653475,147.114975]}}