{"Ayeyarwady":{"1":[0.0000000011,0.0000001241,0.0026043694,0.0169238458,0.0420157388],"2":[0.0,0.0,0.0000000471,0.0093750004,0.0232294407],"3":[0.0,0.0000194456,0.0030617359,0.0315607972,0.0787939951],"4":[0.0149035677,0.1178360432,0.4319520145,1.648003845,3.93695998],"5":[6.82439852,13.659532775,18.02543925,29.5352335,53.2751961],"6":[56.7964439,102.18706125,123.3109815,164.80254,257.938385],"7":[71.2203369,125.956276,153.4360885,211.716194,339.519531],"8":[64.8768616,110.9272995,132.6497805,191.26255025,311.608368],"9":[23.1542377,45.1671333,56.32473375,94.02217675,167.035126],"10":[3.09817719,7.999839185,10.79238125,21.218305625,41.0015335],"11":[0.348315746,1.3683175725,2.42706466,6.4980374575,14.1348677],"12":[0.0000821194,0.0018209346,0.0596754197,0.3339185717,0.831029832]},"Bago":{"1":[0.0,0.000000026,0.0000048232,0.0027778447,0.0069445227],"2":[0.0,0.0,0.0,0.0013888889,0.0034722222],"3":[0.0,0.0,0.0000000501,0.0005574283,0.0013912565],"4":[0.0416791402,0.2128684673,0.4151453975,1.0350509,2.26621628],"5":[2.86822772,10.8805218,13.90641975,17.920239475,28.3827934],"6":[15.3237867,52.89559555,68.36693955,85.4031162,133.840363],"7":[14.5265961,53.43251705,70.61496355,92.734939575,151.508209],"8":[18.7672977,59.1810303,75.4092026,91.457246775,139.770691],"9":[7.76044464,26.454065825,32.37973025,40.339997275,60.9972229],"10":[1.00539708,5.03096986,6.55091715,10.04793195,17.5320892],"11":[0.0731154382,0.6797808108,1.085713745,2.242417695,4.56855011],"12":[0.000003511,0.0020929302,0.0208731517,0.0722438246,0.176900342]},"Chin":{"1":[0.0000000011,0.0000269681,0.0003848991,0.0140696885,0.0349869281],"2":[0.0000163063,0.0062094899,0.0514255129,0.223720968,0.548671722],"3":[0.0014200552,0.215079486,0.735459685,1.522506,3.46497536],"4":[0.36753124,2.69354749,4.10168839,5.9235549,10.7413359],"5":[4.7481761,12.0607519,16.1380634,20.8892021,34.1314735],"6":[36.6967392,69.4108276,92.5834808,133.672119,229.822159],"7":[32.4405212,84.6417389,125.692276,189.17514,343.464966],"8":[21.150053,47.9746552,73.5447998,116.365128,217.990433],"9":[10.7460842,26.89781,38.3599968,51.1747627,87.2625275],"10":[3.5267961,7.74116802,10.9732151,15.2932472,26.6055069],"11":[0.100237615,0.575745165,1.05341482,2.05659819,4.27402115],"12":[0.0000099458,0.0011578153,0.0045847106,0.0419136919,0.102655895]},"Kachin":{"1":[0.0000000109,0.0000240013,0.0002661084,0.1406305805,0.351284295],"2":[0.0000126384,0.0028178608,0.0111106383,0.4657436905,1.15816903],"3":[0.0009994926,0.0309954286,0.115022823,0.858792007,2.0983696],"4":[0.0128868585,0.2613347175,0.696396589,2.17819035,5.05300617],"5":[0.123414308,3.444336895,6.35425758,11.02664995,22.3783569],"6":[1.34363472,14.84020615,29.5947895,42.1007023,82.8076859],"7":[1.77075541,18.4134922,33.8999634,45.8130894,86.2129288],"8":[1.01530993,12.54738905,22.1410618,29.4070282,54.4762421],"9":[0.212403208,5.023213625,9.96568108,14.06458995,27.6180782],"10":[0.051805269,1.444003165,2.87195873,4.797323465,9.82631588],"11":[0.001760931,0.0587142445,0.110781103,0.7666374445,1.82779205],"12":[0.0,0.000040651,0.0001424251,0.0918298736,0.229384735]},"Kayah":{"1":[0.0000006695,0.0000259905,0.0001027872,0.017889889,0.044644352],"2":[0.0,0.0000000522,0.0000020942,0.0048611169,0.0119826086],"3":[0.0000014253,0.0002168641,0.0005936724,0.0504331067,0.124815896],"4":[0.100741886,0.267599106,0.397497624,1.47558022,3.2622261],"5":[1.53843188,3.05521798,4.20637131,7.89169884,15.0851469],"6":[2.7260685,6.7298007,10.8483315,16.3254547,30.695776],"7":[3.54420805,7.85949612,12.2710733,18.3805904,33.4936409],"8":[6.39858532,11.5507956,16.3613434,23.8098831,42.1462936],"9":[4.36140537,7.62125683,10.6142368,16.77911,30.3724957],"10":[0.371179402,0.976215124,1.61672878,3.98410487,8.46836758],"11":[0.045687262,0.201737717,0.388604224,1.43104804,3.23496175],"12":[0.0000401637,0.0003620114,0.0009369297,0.0666102991,0.165671825]},"Kayin":{"1":[0.0,0.0000010487,0.0000128063,0.0025738174,0.0064236433],"2":[0.0,0.0000257203,0.0033240715,0.0121477267,0.0297257416],"3":[0.0,0.0018516341,0.0265268758,0.1839316563,0.453228951],"4":[0.0533613116,0.3598785625,0.782362938,1.56408927,3.36665344],"5":[1.37217009,5.196274285,7.50446391,11.976269275,21.9301014],"6":[1.86877847,16.2033377,25.2339611,39.8459511,75.2564392],"7":[1.97767115,17.143579,27.414505,47.0801611,91.8910828],"8":[4.0819664,23.0052791,35.3939419,55.74486825,104.612114],"9":[4.20957565,10.87328695,15.0505185,25.8264594,48.188118],"10":[0.593678355,1.7894364,2.61021936,5.7294520175,11.6354628],"11":[0.0158157852,0.097041579,0.1632877735,0.5917105672,1.33233321],"12":[0.0,0.0,0.0000183235,0.0014082674,0.0035111688]},"Magway":{"1":[0.0000000233,0.0000049639,0.0000200989,0.0095288176,0.0237592962],"2":[0.0,0.0000296551,0.0002140146,0.0093751622,0.0230754372],"3":[0.0,0.0,0.0003367054,0.0140553228,0.035002511],"4":[0.0601234585,0.5334621072,1.009768245,2.10344958,4.44186497],"5":[2.59723568,9.52390361,11.87270405,15.4589794,24.3522396],"6":[12.6774254,63.9613295,84.25204085,107.23088075,165.270142],"7":[12.9665184,79.1514797,106.4949725,137.67207325,222.511841],"8":[12.2187042,64.9321461,86.91483305,110.3736575,174.653275],"9":[8.01740265,31.9631991,41.8931446,51.853663475,81.5678101],"10":[2.03620386,8.65451741,10.48014115,13.833575225,21.5644112],"11":[0.145761058,1.1849367325,1.546725215,2.6481111025,4.84053087],"12":[0.0000028832,0.0007763472,0.0034826747,0.040245193,0.0993149728]},"Mandalay":{"1":[0.0,0.0000000857,0.0000045601,0.0052084323,0.0128473211],"2":[0.0,0.0000029722,0.0000452911,0.0051649447,0.0128890742],"3":[0.0,0.0,0.0000422936,0.0083333999,0.0208017211],"4":[0.0418451168,0.276894599,0.637153089,1.530257555,3.40508032],"5":[0.947788775,3.8930103175,6.38137031,8.8284251725,16.2243366],"6":[1.36223316,12.0803528,22.28701305,36.546340025,72.9667816],"7":[0.98080945,12.04368855,23.70195775,40.821872725,83.4459686],"8":[1.91866851,13.6315,24.944149,41.313343025,82.4743195],"9":[2.36327291,10.284612425,17.18472195,25.015708425,46.7795219],"10":[1.37459981,4.1068999775,7.47175312,9.47465634,17.4472561],"11":[0.0502502583,0.4217666835,1.091378865,1.94066072,4.20176935],"12":[0.0000027034,0.0003571402,0.0034508138,0.0482553867,0.120063506]},"Mon":{"1":[0.0,0.0000016318,0.0002456572,0.0054471851,0.0135867018],"2":[0.0000000332,0.00218322,0.0094082933,0.0520512592,0.125233501],"3":[0.0000154855,0.0171764922,0.0714459047,0.2527204605,0.602843821],"4":[0.0146772834,0.3336343765,0.845007002,1.725984215,3.80358601],"5":[1.35861897,11.65897325,16.1276493,21.9149494,37.2378616],"6":[6.20909071,45.1248131,60.6398392,98.56628415,178.68541],"7":[7.33371258,54.2104874,73.8999634,118.9988935,212.115524],"8":[8.52929878,62.82284165,83.2963562,124.255272,213.677109],"9":[2.94218874,24.163166,34.0075378,60.4615974,114.694183],"10":[0.495155334,4.27648616,7.11327696,10.45985125,19.6482162],"11":[0.0268594921,0.170507759,0.421805263,1.307721075,2.94190216],"12":[0.0,0.0000116227,0.0020122547,0.0135188368,0.033702258]},"Rakhine":{"1":[0.0000000069,0.0001257309,0.0095801959,0.0543026999,0.135562316],"2":[0.0,0.0001006972,0.0107638892,0.0929557085,0.232206985],"3":[0.0,0.0002903529,0.0113142785,0.14302206,0.356688738],"4":[0.117468499,0.78418541,1.93023229,5.08712196,11.4193296],"5":[0.596487224,16.4912834,22.5999718,34.6452827,61.6918411],"6":[97.5865402,164.048126,205.133209,251.445862,382.316895],"7":[19.2316246,208.995438,281.930573,339.225891,534.487488],"8":[97.1847305,163.235748,200.480438,247.975449,374.321167],"9":[8.24005318,65.8374939,83.5760651,107.688599,170.299225],"10":[0.443364084,14.3522835,18.8020325,29.3258438,51.7528954],"11":[0.441750109,2.15204358,3.35228825,6.21105099,12.2760229],"12":[0.000022769,0.0021708142,0.0529129282,0.168921396,0.418329567]},"Sagaing":{"1":[0.0000000002,0.0001128389,0.0009855344,0.0279910751,0.0698040128],"2":[0.0000000589,0.0103019709,0.0432089828,0.228403971,0.555479646],"3":[0.0000000782,0.138982341,0.436087847,1.03719974,2.38339543],