{"Ayeyarwady":{"1":[0.0,0.0000254213,0.003953289,0.029638337,0.0728172958],"2":[0.0000063588,0.0005791222,0.0291231358,0.1994595639,0.4877749085],"3":[0.0014273057,0.0219587851,0.2254382372,0.7144035995,1.7273796797],"4":[0.0209130608,0.3495588526,1.122662425,2.6934465766,6.2062978745],"5":[1.122620225,5.9662308693,8.6920428276,13.9454391003,25.8622817993],"6":[3.8230779171,15.0866408348,22.6855754852,36.6026611328,68.8698272705],"7":[7.6644258499,25.4439678192,33.3082885742,46.2121019363,76.7710876465],"8":[7.0971856117,20.8271765709,26.7924232483,35.2678422928,56.8730888367],"9":[2.0942876339,10.3217849731,15.1900415421,21.8489990234,38.8067779541],"10":[0.8445384502,4.5043762922,6.6583313942,10.3080148697,18.5755805969],"11":[0.0715060532,0.4324251935,0.7053221762,1.6639598906,3.5033550262],"12":[0.0000041544,0.001694014,0.0155280065,0.1075024493,0.2638709545]},"Bago":{"1":[0.0000001032,0.0000398175,0.0088824285,0.052339606,0.130632028],"2":[0.0000233452,0.0017640929,0.0628946647,0.3122738302,0.7760263085],"3":[0.0014364343,0.0685634837,0.4033122957,1.1546092033,2.7474484444],"4":[0.0266488362,0.3815460503,1.320659399,3.1546244621,7.2604513168],"5":[1.3650442362,6.2848820686,8.4816455841,13.3805685043,23.9703559875],"6":[5.602016449,19.3591537476,26.9336357117,39.1606369019,68.640663147],"7":[13.0903997421,29.7641811371,36.9803161621,48.0406494141,74.3976821899],"8":[8.5928239822,21.3663196564,26.8213176727,34.5623016357,54.3409919739],"9":[2.5462427139,10.4478368759,14.0208339691,19.6821365356,33.3337097168],"10":[0.9119631648,4.3909564018,6.6192517281,10.1856164932,18.8414039612],"11":[0.0396077223,0.2784038782,0.4639872909,1.3030512333,2.8030450344],"12":[0.0000166439,0.0015952984,0.0137083055,0.1166090146,0.289082408]},"Chin":{"1":[0.0000006268,0.0001712305,0.0033163751,0.2428181507,0.603570044],"2":[0.0003556548,0.0156801909,0.0904698484,0.7537744194,1.8601623774],"3":[0.0023224207,0.0916252583,0.5325495899,1.299880743,3.1121237278],"4":[0.0194210839,0.5930193663,2.203507185,3.683812499,8.2482995987],"5":[0.5796502829,6.6557217836,15.2524857521,21.4412455559,40.350692749],"6":[5.5971565247,27.7633485794,57.1816749573,63.1283416748,93.1320877075],"7":[6.6436719894,34.2124605179,64.3737792969,74.8588409424,105.4851760864],"8":[3.6984827518,20.7973885536,35.7073879242,42.7156791687,65.8075561523],"9":[1.1430978775,8.6687207222,16.7938070297,21.1611614227,36.0465202332],"10":[0.3392269611,3.0872117281,5.1335165501,7.4052667618,13.7687530518],"11":[0.0232506413,0.122878911,0.3114405125,1.1273086071,2.4858460426],"12":[0.000000631,0.0002878911,0.0037105292,0.1503946744,0.3669168353]},"Kachin":{"1":[0.0000000051,0.0000012424,0.0000380376,0.0531267524,0.1312503517],"2":[0.0000336692,0.0005437003,0.0027584576,0.2296512313,0.5723253489],"3":[0.0012735435,0.0082977118,0.032254912,0.5975586921,1.4115521908],"4":[0.0186350625,0.0661386512,0.2553913891,1.1969248056,2.8798367977],"5":[0.3409266472,1.1018679142,2.7939503193,4.6907138824,9.9411563873],"6":[2.9056346416,6.2495354414,9.8925762177,15.4591672421,27.9730129242],"7":[3.1939811707,6.5559438467,10.741027832,17.4145951271,33.7001037598],"8":[1.6655086279,3.6901296377,6.4666438103,10.4843771458,20.0653038025],"9":[0.3618266582,0.8828703314,1.932030499,4.2935220003,9.2381210327],"10":[0.0681590959,0.2607999295,0.5738725662,1.983440876,4.4668803215],"11":[0.0024416333,0.0109870683,0.0196844153,0.2984575108,0.7228137255],"12":[0.0,0.000000214,0.0000132302,0.0168750077,0.0403125659]},"Kayah":{"1":[0.0000000166,0.0001386487,0.0100518586,0.0695670899,0.167441383],"2":[0.0000096118,0.0066994183,0.0790872723,0.421598509,1.0033407211],"3":[0.0054766391,0.183569625,0.6756810546,1.3956581652,3.1593010426],"4":[0.0746868998,0.673494339,1.881926477,3.5673639178,7.805416584],"5":[2.9740440845,7.1401381493,9.8424854279,14.7973732948,25.6264762878],"6":[10.7385120392,28.3660297394,36.9732093811,44.5427303314,65.4194869995],"7":[21.0604114532,38.0665073395,45.1275596619,56.2514219284,82.4218063354],"8":[12.8689556122,25.0458064079,32.1936168671,38.1672019958,57.4441223145],"9":[5.5572075844,13.6170785427,17.5160360336,22.8893828392,36.633354187],"10":[1.9245433807,5.703928709,7.8273587227,11.9089260101,20.3135089874],"11":[0.048809018,0.3082406521,0.5364225805,1.5112897754,3.0644865036],"12":[0.0000158749,0.0008730889,0.0161496736,0.1243735068,0.3032924831]},"Kayin":{"1":[0.0,0.0000239924,0.0058125001,0.0392681547,0.0975104123],"2":[0.0000005624,0.0008862029,0.0612869002,0.2494654059,0.6175379157],"3":[0.0008697625,0.0463352166,0.3700087368,0.9083377123,2.1976628304],"4":[0.0500159226,0.4292985499,1.4769890308,2.8809540272,6.4855136871],"5":[1.7751306295,6.7594208717,9.5806388855,14.9725217819,26.6153202057],"6":[5.4699163437,16.8471794128,25.5062484741,46.6965866089,89.0413742065],"7":[7.1867017746,27.0803928375,37.3145103455,54.6522827148,90.8031692505],"8":[6.6218600273,21.844751358,28.8471565247,38.7551040649,63.2350997925],"9":[3.2213304043,12.0209798813,15.72976017,23.1199207306,39.3466110229],"10":[1.2344443798,4.9124083519,7.5276818275,10.5651521683,18.9448547363],"11":[0.0745121911,0.421379596,0.7546243668,1.7479434013,3.6839091778],"12":[0.0000014365,0.0016745029,0.0193312,0.1357897967,0.3172565401]},"Magway":{"1":[0.0000001697,0.0001210338,0.0041739373,0.129289493,0.3216645122],"2":[0.0000519272,0.0098902369,0.0912862569,0.4879320264,1.2035424709],"3":[0.0032883415,0.1252775341,0.6127316058,1.3288205862,3.1122050285],"4":[0.0304051675,0.6514432281,1.9282088876,3.4397245049,7.3128590584],"5":[1.0416512489,8.2248094082,11.5181951523,16.7107605934,29.3460483551],"6":[7.7366223335,34.9974927902,48.2284126282,60.1371688843,97.3304214478],"7":[11.2329950333,43.8518543243,56.9729537964,70.3612251282,106.299697876],"8":[7.0192427635,27.3471050262,35.2674217224,41.1344137192,61.4719047546],"9":[1.6596562862,12.7152421474,18.058224678,22.3604469299,35.4725914001],"10":[0.5581933856,4.4859215021,6.1819880009,9.4415290356,16.7365436554],"11":[0.037704844,0.2370064668,0.5060612857,1.3786803186,2.8994474411],"12":[0.0000066778,0.0004499315,0.0036358543,0.1456139348,0.3626770973]},"Mandalay":{"1":[0.0000022196,0.0003072271,0.0094946083,0.1933544651,0.4768926203],"2":[0.0010074184,0.0217851461,0.0993499458,0.6892051697,1.6866710186],"3":[0.0027661549,0.2138329782,0.5482677519,1.4248458147,3.2150373459],"4":[0.0242547169,0.9878727645,1.9889802337,3.7547020912,7.7970547676],"5":[0.8478524089,9.238026619,13.4973835945,18.1633467674,31.1485118866],"6":[8.2318325043,40.8689756393,53.4287014008,62.7655944824,95.6087646484],"7":[10.6165018082,48.3202524185,64.2396125793,74.2879333496,111.4740829468],"8":[4.5483360291,28.0736627579,37.9870853424,43.7963504791,64.7264709473],"9":[3.1739594936,14.9944047928,18.9571495056,22.9659399986,33.9123306274],"10":[0.4319401979,4.5860735178,6.1414358616,8.7844741344,14.6042833328],"11":[0.0257967394,0.2437421381,0.563675642,1.3540049493,2.9268848896],"12":[0.0000028903,0.0003645692,0.0111155366,0.168766927,0.4076560736]},"Mon":{"1":[0.0,0.0000143086,0.0002450835,0.029843241,0.0745327771],"2":[0.0000004225,0.0002412347,0.0136452764,0.1776916534,0.4430300891],"3":[0.0008190816,0.0158189684,0.1406235993,0.6096903682,1.4628312588],"4":[0.0575599521,0.3433347642,0.9669699073,2.4776525497,5.4978423119],"5":[2.4346635342,6.0210871696,8.5629825592,13.3935861588,24.445230484],"6":[5.3806357384,14.1668586731,19.9032821655,33.7486495972,57.5935668945],"7":[6.512140274,22.22681427,30.2259635925,44.0808181763,67.8252563477],"8":[5.9886784554,20.0195388794,25.7995262146,33.2064590454,45.5191459656],"9":[4.2473735809,11.0304307938,14.7737817764,21.1440391541,35.5891838074],"10":[1.381893754,4.3246908188,6.3075222969,10.4412689209,19.0126991272],"11":[0.1041791514,0.4472215474,0.7052218914,1.6428345442,3.3367931843],"12":[0.0000024767,0.0015466356,0.0057997303,0.0994460694,0.2403670102]},"Rakhine":{"1":[0.0000000117,0.000040395,0.0052530104,0.0781306252,0.1950550377],