{"value":{"0":[2.0942876339,16.6502628326,24.5986738205,35.9872055054,64.9272766113],"1":[2.5462427139,17.5314340591,26.3240623474,36.9758415222,66.0678863525],"2":[1.1430978775,16.7821230888,34.4527282715,59.0838451385,105.4851760864],"3":[0.3618266582,3.7348422408,6.6741082668,12.3851509094,25.0600242615],"4":[5.5572075844,22.3874936104,33.0507621765,43.1860723495,74.1089172363],"5":[3.2213304043,17.3535871506,26.4631958008,39.9005661011,73.5689697266],"6":[1.6596562862,22.0532374382,36.7924232483,53.6090745926,100.5047149658],"7":[1.3890448809,23.445505619,40.2141189575,58.7548046112,111.4740829468],"8":[4.2473735809,15.6400725842,22.8675680161,33.7723388672,59.6913948059],"9":[3.8521857262,21.0274186134,32.238363266,48.4707126617,88.6038131714],"10":[0.4003808796,10.817681551,23.7775840759,42.5195264816,88.8360977173],"11":[0.7148342133,21.9417109489,40.1746959686,58.9251203537,114.2638778687],"12":[2.1200585365,13.7383646965,21.6844644547,41.7501087189,83.5204849243],"13":[4.5718455315,19.0877532959,28.2073078156,40.7732448578,71.7712097168],"14":[0.3618266582,17.1367688179,28.8595571518,48.1276712418,94.6091690063]}}