{"value":{"0":[29.1858348846,90.6323566437,118.6490783691,161.3004798889,267.2162780762],"1":[9.5894451141,43.0506658554,66.2266578674,84.1639938354,145.4878692627],"2":[14.1654348373,53.7384576797,82.4326324463,122.9039306641,226.6113433838],"3":[0.2705410421,10.8194961548,22.1502571106,38.2217941284,79.1856689453],"4":[4.0899553299,10.2280297279,15.239364624,21.1425285339,37.3774604797],"5":[2.1573073864,17.8540248871,27.0270318985,43.1895484924,81.0649261475],"6":[8.8617219925,53.8849449158,81.983291626,107.9622306824,188.1978759766],"7":[1.6122000217,12.9922008514,23.8765058517,38.2215690613,75.9303817749],"8":[2.5356988907,47.4655866623,70.3243865967,100.4541110992,179.3857879639],"9":[9.8237600327,124.9097213745,176.7306060791,241.4402809143,416.2062683105],"10":[2.8618223667,17.2160420418,27.5646333694,40.0347709656,74.0908355713],"11":[0.835108161,8.6382944584,13.2119622231,19.009809494,34.565284729],"12":[1.2300211191,46.047413826,91.7228317261,155.8319740295,320.4315490723],"13":[8.3546581268,72.1260223389,96.9450874329,114.7509078979,178.076461792],"14":[0.2705410421,15.1465842724,31.3736419678,70.2608947754,152.9181213379]}}