{"Ayeyarwady":{"1":[0.0,0.0000000379,0.0016436276,0.0070069507,0.0175150055],"2":[0.0,0.0,0.0000000239,0.0057378524,0.0142999897],"3":[0.0,0.0000000565,0.0019196059,0.011492837,0.0287029706],"4":[0.0136837615,0.1576850936,0.4803037643,1.3879134357,3.2286481857],"5":[5.0640964508,10.6116366386,14.194082737,23.4531602859,42.7059936523],"6":[64.3012161255,103.4623527527,123.7645835876,162.0386428833,249.7438354492],"7":[70.2542877197,119.5578289032,142.7802276611,200.9026565552,322.5320739746],"8":[62.5619239807,100.2403049469,117.7561836243,171.0119667053,276.7214660645],"9":[29.1858348846,50.8681688309,61.2735481262,97.8788356781,167.2726135254],"10":[4.1464266777,9.9950757027,13.1027598381,22.0877461433,40.1296005249],"11":[0.377576977,1.4204517305,2.4922782183,5.4995744228,11.5142126083],"12":[0.0001251459,0.003446484,0.0663530193,0.2681877092,0.6648336053]},"Bago":{"1":[0.0,0.0,0.0,0.0000000303,0.0000000753],"2":[0.0,0.0,0.0,0.0,0.0],"3":[0.0,0.0,0.0,0.0003636249,0.0009084941],"4":[0.0133327041,0.1969488114,0.4417911172,0.830757767,1.7648570538],"5":[2.5500438213,8.6385962963,10.6198215485,13.8722789288,21.7094573975],"6":[21.1112270355,65.0175018311,80.2306480408,94.624168396,138.1001434326],"7":[18.2616786957,59.2304944992,72.7614364624,91.5783596039,139.5696411133],"8":[21.2021408081,58.6580495834,71.4930114746,83.6559638977,120.7294540405],"9":[12.0203962326,30.8868403435,36.2860641479,43.7558403015,62.8711395264],"10":[1.1931710243,6.0510765314,7.9111802578,10.7611396313,17.6635704041],"11":[0.0443592295,0.6430399269,1.0424806476,1.7693046331,3.4393062592],"12":[0.0000000568,0.0002536798,0.0128658665,0.035485452,0.0878769681]},"Chin":{"1":[0.0,0.0000009955,0.0006295028,0.006577245,0.016357623],"2":[0.0000016076,0.0026071048,0.0395533405,0.0973306,0.2388799191],"3":[0.0005263533,0.2231652141,0.5443076491,1.0785957575,2.3593327999],"4":[0.5530365109,1.869836688,2.9004907608,4.0979866982,7.4004645348],"5":[4.6706066132,9.2667999268,12.7496538162,16.0638713837,25.9093265533],"6":[47.2207336426,77.7311325073,98.9833145142,132.9443664551,215.760635376],"7":[37.2827453613,81.9532775879,118.4016723633,168.5032043457,296.9470825195],"8":[29.18724823,57.1319770813,84.7875289917,123.9301223755,214.2196502686],"9":[14.1654348373,30.9175605774,43.1006126404,54.7103462219,90.0196456909],"10":[3.9380726814,8.6778936386,10.7837848663,13.9126758575,21.7270622253],"11":[0.0460449569,0.439666003,0.7701479793,1.3905193806,2.8083381653],"12":[0.0000040382,0.0005581601,0.0020999024,0.0294944663,0.0717156306]},"Kachin":{"1":[0.0000000012,0.0000185714,0.0002688855,0.1259245574,0.3147834837],"2":[0.0000091093,0.0037679879,0.0269992463,0.4793764055,1.186909318],"3":[-1.0,0.034580227,0.1534845084,0.8789667487,2.1445679665],"4":[-1.0,0.2065156996,0.6879497766,1.7892210484,4.1398248672],"5":[-1.0,3.5977683067,6.8725504875,10.9895467758,22.0677547455],"6":[-1.0,15.2192649841,29.3306674957,46.2338180542,91.6507110596],"7":[-1.0,21.9674434662,38.3010673523,48.494354248,86.7358322144],"8":[-1.0,12.0914392471,24.1142349243,32.671421051,63.141834259],"9":[-1.0,5.2626338005,11.3737821579,15.803814888,31.597743988],"10":[-1.0,1.2855157852,2.4850828648,4.3291597366,8.8809347153],"11":[0.0019490706,0.0401119962,0.0981424898,0.6576738954,1.5760346651],"12":[0.0,0.000019119,0.0001610783,0.0814976767,0.2027397007]},"Kayah":{"1":[0.0,0.0000000813,0.0000028111,0.0085424418,0.021194404],"2":[0.0,0.0,0.0000000182,0.0015571356,0.0038927915],"3":[0.000000196,0.0002020361,0.0013584048,0.0367534515,0.090052627],"4":[0.0853366777,0.2166719697,0.3490691781,1.267591089,2.841337204],"5":[1.5843932629,3.2828676105,4.4675374031,7.645606041,13.7946567535],"6":[4.0899553299,8.7701656818,14.0183310509,19.9871606827,34.1617698669],"7":[5.4714188576,10.5625562668,15.9064397812,21.3762693405,36.2003822327],"8":[6.5519075394,11.9429893494,17.2311763763,23.6977357864,39.845954895],"9":[5.8489227295,9.8557004929,14.0292873383,19.1901583672,32.5529518127],"10":[0.684572041,1.5552623272,2.4974669218,4.9882303476,10.0698451996],"11":[0.0448985286,0.2200678177,0.4367579669,1.2426961064,2.7459535599],"12":[0.0000009751,0.0001272411,0.0005601813,0.0465549957,0.1064335704]},"Kayin":{"1":[0.0,0.0,0.0000000336,0.0009044704,0.0022492057],"2":[0.0,0.0000000148,0.0009515715,0.0120442833,0.0299148336],"3":[0.0,0.0019172578,0.0259883534,0.1261971556,0.3107671738],"4":[0.0449044146,0.3400462642,0.6535268724,1.20483163,2.4882376194],"5":[0.9496001601,3.9777456522,6.3972332478,9.7380609512,18.199514389],"6":[2.1573073864,19.1791834831,28.7062530518,43.0912971497,78.7730102539],"7":[2.5183494091,20.7025179863,31.6241760254,49.7177295685,93.2130203247],"8":[4.3973593712,22.7685670853,33.8174953461,52.5006980896,96.9252929688],"9":[5.158097744,12.4970622063,16.952129364,25.9661808014,46.1202354431],"10":[0.8889265656,2.1771588326,3.6153035164,6.6244080067,13.0861997604],"11":[0.0210845023,0.110290451,0.2116720378,0.6876654923,1.5216412544],"12":[0.0,0.0,0.0000000335,0.0004072405,0.0009647768]},"Magway":{"1":[0.0,0.000000021,0.0000000982,0.0033737156,0.0083910488],"2":[0.0,0.0000000269,0.0000146329,0.0044988175,0.0111981258],"3":[0.0,0.0,0.0001482772,0.0132592402,0.0330721699],"4":[0.0641662106,0.4737275839,0.899097532,1.7045327425,3.5482842922],"5":[2.4267895222,8.2651119232,10.6901426315,13.8260245323,22.0923690796],"6":[16.8205013275,74.5089969635,93.7086486816,113.212808609,169.9306488037],"7":[14.9847869873,80.1767463684,104.4050827026,132.7409973145,205.3691253662],"8":[24.4731693268,69.2709178925,88.5471572876,105.4330463409,158.9215087891],"9":[8.8617219925,35.4917802811,44.0564670563,54.3586626053,81.334526062],"10":[2.112257719,8.5877652168,10.8483362198,14.0621562004,22.162399292],"11":[0.1312694252,0.7527979016,1.2249022722,1.9644185007,3.7697324753],"12":[0.0000000593,0.0008199486,0.0055178793,0.0301942765,0.0737900361]},"Mandalay":{"1":[0.0,0.0,0.0000000209,0.0012975947,0.0032007324],"2":[0.0,0.0000000038,0.0000023176,0.0024438028,0.0059734164],"3":[0.0,0.0,0.0000023385,0.0048012733,0.0117673855],"4":[0.0307779722,0.2269155905,0.5290977359,1.125535816,2.4706664085],"5":[1.2295669317,3.8794970512,5.53566432,7.7556215525,13.5378293991],"6":[2.3511068821,13.8801503181,27.4043254852,46.4058837891,94.4713058472],"7":[1.6122000217,12.6948306561,25.5014200211,42.8247337341,86.1536636353],"8":[2.6773502827,14.3617250919,25.8291873932,41.818397522,81.5363693237],"9":[3.3156034946,11.7226705551,18.7700500488,26.9043002129,49.5208816528],"10":[1.4327253103,4.0451233387,6.8323583603,9.2868733406,17.0961456299],"11":[0.0301721804,0.377098985,0.7597326338,1.3766368926,2.868676424],"12":[0.0000001575,0.0002980414,0.0108765466,0.0422319658,0.104794167]},"Mon":{"1":[0.0,0.0,0.0000071552,0.0029494968,0.007353134],"2":[0.0,0.0008018621,0.00788204,0.0458258055,0.1098067984],"3":[0.0000263343,0.020640553,0.0619360134,0.213895008,0.4942001104],"4":[0.0213535074,0.3568257391,0.7099818587,1.5288971663,3.2531573772],"5":[0.7949494123,9.7497229576,12.8387537003,17.6783456802,29.2782096863],"6":[6.1517605782,54.2295665741,68.2992019653,106.6150131226,177.7626953125],"7":[6.9184002876,62.9139518738,81.5672988892,125.348487854,197.8688049316],"8":[6.7399945259,63.0480060577,81.7895584106,128.8763809204,211.2483673096],"9":[2.5356988907,26.7623071671,35.2657546997,62.9124355316,111.2176208496],"10":[0.4330947995,5.7111029625,8.5989437103,12.8145647049,22.7794418335],"11":[0.031321317,0.2202829644,0.5691593885,1.162243247,2.4716951847],"12":[0.0,0.0000625957,0.0026668406,0.0125815095,0.0311217178]},"Rakhine":{"1":[0.0,0.0000296151,0.0056924936,0.0299561303,0.0747767538],"2":[0.0,0.0000307808,0.0072175562,0.0532946438,0.1324478388],"3":[0.0,0.0000000201,0.0112597682,0.1153696254,0.2881491482],"4":[-1.0,0.6913333535,1.4036711454,3.5700542927,7.8876404762],"5":[-1.0,14.2664852142,18.584854126,29.1244983673,51.3875045776],"6":[100.5980758667,153.9169616699,192.769821167,238.0053253174,362.1721496582],