{"Ayeyarwady":{"1":[0.0,0.0000000566,0.001813359,0.0077421623,0.0192088597],"2":[0.0,0.0,0.0000000378,0.0072254385,0.0179297663],"3":[0.0,0.0000000269,0.0013750087,0.007499496,0.0186379962],"4":[-1.0,0.0857345164,0.3981570601,1.046269536,2.4704709053],"5":[0.0,0.0,0.0,0.0,0.0],"6":[55.1204147339,79.772315979,93.1904220581,131.8441314697,207.8796386719],"7":[-1.0,125.9644317627,151.0411071777,212.1881256104,340.8212890625],"8":[-1.0,105.5827560425,124.1436767578,181.008026123,293.4926757812],"9":[-1.0,43.5084190369,53.2593688965,92.7770004272,166.4023895264],"10":[-1.0,8.6321821213,11.8262500763,19.9108200073,36.7103729248],"11":[-1.0,1.002311945,1.8930635452,4.0151963234,8.502240181],"12":[0.0000337602,0.0027599917,0.0526854619,0.2461407632,0.6041080356]},"Bago":{"1":[0.0,0.0,0.0,0.0000000293,0.0000000701],"2":[0.0,0.0,0.0,0.0,0.0],"3":[0.0,0.0,0.0,0.0006464537,0.0015625748],"4":[0.024140019,0.1040577106,0.2652890235,0.6093145609,1.3327372074],"5":[0.0,0.0,0.0,0.0,0.0],"6":[16.4905986786,47.6410713196,60.6688308716,72.7625789642,109.3575668335],"7":[21.300661087,59.9362010956,75.5385055542,96.2382888794,150.3296661377],"8":[22.4767475128,59.7916183472,73.689453125,87.1478672028,127.4343948364],"9":[8.6456842422,24.4752597809,29.6230430603,36.1119451523,53.2475318909],"10":[1.4801455736,4.973875761,6.6910123825,8.7728202343,14.4028549194],"11":[0.0383322462,0.4000670239,0.7393070161,1.3393286169,2.7240126133],"12":[0.0000000221,0.0007649932,0.0144938957,0.0346130505,0.0853523239]},"Chin":{"1":[0.0,0.0000025061,0.0013477677,0.0080648432,0.0200023856],"2":[0.0000010612,0.0020590229,0.0303498227,0.0979994461,0.2393541038],"3":[0.0011412315,0.2111891136,0.5146633983,0.8999564648,1.9328449965],"4":[0.3992095888,2.3012168407,3.2208306789,4.4293367863,7.5635995865],"5":[0.0,0.0,0.0,0.0,0.0],"6":[30.2601184845,55.9246349335,78.3012008667,114.4887504578,199.4214477539],"7":[39.9679489136,93.0593948364,126.6232681274,180.945098877,308.427947998],"8":[28.3451385498,53.2606143951,74.8934707642,108.6535224915,191.2929534912],"9":[12.5361356735,28.4689712524,39.5124969482,50.3830413818,82.2968063354],"10":[4.4256076813,9.0022540092,11.5987701416,15.1706776619,24.391998291],"11":[0.055598326,0.3233602494,0.6035637259,1.1497654319,2.387912035],"12":[0.0000006786,0.000403939,0.003820491,0.0245463336,0.0606254339]},"Kachin":{"1":[0.0000000025,0.0000117377,0.0062500727,0.1225385405,0.3061566353],"2":[0.0000020182,0.0022891938,0.0333375074,0.4233703315,1.0525152683],"3":[-1.0,0.0254073003,0.1384263188,0.7588695288,1.8328388929],"4":[-1.0,0.1703323945,0.6276711226,1.532759726,3.5678946972],"5":[0.0,0.0,0.0,0.0,0.0],"6":[-1.0,11.5774173737,22.5957946777,32.9429588318,64.5244674683],"7":[-1.0,16.7868595123,29.3454093933,40.6075592041,75.0904769897],"8":[-1.0,12.4319858551,22.7172279358,30.6926698685,57.5099449158],"9":[-1.0,4.628267765,10.4337511063,14.9099407196,30.1098136902],"10":[-1.0,1.6473619938,3.0968372822,5.0113532543,9.9876890182],"11":[0.000963338,0.0368494261,0.128446117,0.6387290359,1.5331025124],"12":[0.0,0.0000101446,0.0033750045,0.0750177503,0.1870785356]},"Kayah":{"1":[0.0,0.0000001152,0.0008126085,0.0073594218,0.017962439],"2":[0.0,0.0000000018,0.0000000639,0.0021718875,0.0052854535],"3":[0.0000000026,0.0000305148,0.0025773627,0.0282305726,0.0700065419],"4":[-1.0,0.1180037353,0.2744287848,0.960991174,2.1630821228],"5":[-1.0,0.0,0.0,1.6287466884,3.7302148342],"6":[-1.0,6.556224823,10.3969163895,14.4402990341,24.4166088104],"7":[-1.0,11.0269367695,15.579682827,21.5622386932,35.7509918213],"8":[-1.0,13.2039699554,17.720823288,23.8428230286,37.461605072],"9":[-1.0,7.5778341293,10.3750424385,14.6741337776,25.14427948],"10":[-1.0,1.1265053749,1.872646153,3.6858778,7.403172493],"11":[-1.0,0.0896293297,0.2743266374,0.9250148684,2.1529312134],"12":[0.0000015881,0.0000631905,0.0046499537,0.0413555307,0.0976622701]},"Kayin":{"1":[0.0,0.0,0.0000000844,0.0011875401,0.0029375001],"2":[0.0,0.0,0.0011282858,0.0113373585,0.0276830513],"3":[0.0,0.0023214283,0.0395862535,0.133726567,0.3211056292],"4":[0.0306162983,0.1887480393,0.4454534054,0.9303045571,2.0284392834],"5":[0.0,0.0,0.0,0.0,0.0],"6":[1.6671584845,15.6024875641,23.8609733582,35.4871120453,65.0706863403],"7":[2.1803977489,20.0987863541,29.3567848206,45.7413787842,84.007522583],"8":[3.7362763882,23.3588457108,33.779838562,47.9070930481,84.5287857056],"9":[4.2721934319,10.2799463272,14.4246330261,22.2270650864,40.0516738892],"10":[0.7221588492,1.7680439949,3.0870056152,5.2604677677,10.4901723862],"11":[0.004441896,0.0374299381,0.0881807357,0.4822700471,1.1402704716],"12":[0.0,0.0,0.0000000002,0.0005625502,0.0013404109]},"Magway":{"1":[0.0,0.0000000739,0.0001885122,0.0050800319,0.0125625664],"2":[0.0,0.0,0.0000000827,0.002703132,0.0067501641],"3":[0.0,0.0,0.0000505794,0.0122359258,0.0303950664],"4":[0.0414682925,0.3848478869,0.7665801048,1.387503773,2.8813090324],"5":[0.0,0.0,0.0,0.0,0.0],"6":[13.4793367386,56.9738988876,74.3568916321,94.6660480499,149.2941741943],"7":[20.2679386139,84.2005081177,110.3571472168,136.288028717,208.3908996582],"8":[18.2550182343,65.9598808289,86.6126174927,105.8330307007,160.0761871338],"9":[9.0949468613,31.3549237251,40.0706996918,49.1460170746,72.2758789062],"10":[1.8039104939,8.1105401516,10.3392558098,13.1586828232,20.5233783722],"11":[0.0846126899,0.4428686276,0.7318152189,1.4643240571,2.9895384312],"12":[0.0,0.0000459218,0.0015385686,0.0175282308,0.0436353013]},"Mandalay":{"1":[0.0,0.0000000204,0.0000001834,0.0026250258,0.0065187458],"2":[0.0,0.0000000009,0.0000001227,0.002187547,0.0053762957],"3":[0.0,0.0,0.000000056,0.0041366144,0.0103231296],"4":[0.0132852597,0.1521126367,0.4424753934,0.9550918788,2.1511399746],"5":[0.0,0.0,0.0,0.0,0.0],"6":[1.2577567101,8.8836567402,18.3418416977,32.0002975464,66.468132019],"7":[1.2538719177,12.1097538471,26.5744333267,44.334903717,92.0045013428],"8":[2.0152852535,13.3964679241,25.8204545975,42.2097215652,85.359161377],"9":[2.0152199268,8.8699235916,14.8145446777,21.1274900436,39.419052124],"10":[1.1645578146,3.949229598,6.6446034908,8.5683879852,15.112736702],"11":[0.0212316643,0.2208674625,0.4789060205,1.0641574264,2.3073048592],"12":[0.0,0.0000727472,0.0009701591,0.021261313,0.0525732525]},"Mon":{"1":[0.0,0.0,0.000007017,0.0040797386,0.0100718439],"2":[0.0,0.0010000344,0.0078750718,0.0417321175,0.1020971239],"3":[0.0000015024,0.0216032695,0.0666592419,0.2332212031,0.5401562452],"4":[0.0011258658,0.2481483221,0.4538416564,1.0577989817,2.1526618004],"5":[0.0,0.0,0.0,0.0,0.0],"6":[2.1412863731,45.2245368958,59.2288970947,88.3732223511,147.77734375],"7":[2.9809708595,57.8849563599,76.5584182739,119.575958252,210.044342041],"8":[3.0894505978,60.548614502,77.6876144409,110.7544174194,186.008102417],"9":[0.9317724109,23.6112670898,33.4855232239,60.7749061584,105.761756897],"10":[0.144192785,4.993188858,6.8066177368,9.9801282883,17.3605308533],"11":[0.003502446,0.1139843389,0.3607283533,0.8350679874,1.8951013088],"12":[0.0,0.0000866056,0.0026250021,0.009642018,0.0239062086]},"Rakhine":{"1":[0.0,0.0000613899,0.0073450005,0.0272036227,0.0678877085],"2":[0.0,0.000111527,0.0093680094,0.0609929347,0.1522375643],"3":[0.0,0.0,0.006037035,0.1121504642,0.2766427994],"4":[0.0572056137,0.6470001191,1.2779222727,3.0359992385,6.4785618782],"5":[0.0,0.0,0.0,0.0,0.0],"6":[26.7136249542,132.7278709412,181.5751571655,221.8956604004,355.1493225098],"7":[130.8138885498,211.4914779663,270.9980163574,326.2049102783,496.6817626953],"8":[96.2082366943,154.6297111511,194.1427078247,237.3794174194,360.9485473633],"9":[14.0540113449,63.3652563095,81.3436546326,105.8938083649,168.8488922119],"10":[3.1572341919,13.758919239,18.2315368652,26.1278758049,44.4865188599],"11":[0.1276903749,1.0071240067,1.8963845968,3.3007662892,6.7099118233],"12":[0.0000015351,0.0020156757,0.0345207639,0.0795415379,0.1948706359]},"Sagaing":{"1":[0.0,0.000014186,0.0019714722,0.0350740254,0.0876381025],"2":[0.0000000441,0.0065085099,0.037005946,0.219706241,0.538590014],