{"value":{"0":[25.0911922455,80.7428836823,113.132648468,159.6035461426,276.7231140137],"1":[8.6456842422,36.8127336502,60.244430542,79.4481887817,143.278717041],"2":[12.5361356735,46.9524784088,73.5077781677,119.9197330475,229.0269012451],"3":[0.1712103486,9.4893798828,19.0151643753,31.2491035461,63.3614273071],"4":[3.0593411922,9.1638391018,13.4886875153,19.0995006561,33.9005317688],"5":[1.6671584845,15.8816227913,25.2760057449,39.9370002747,75.7671966553],"6":[9.0949468613,47.2524547577,73.4981307983,103.6799850464,187.9523773193],"7":[1.2538719177,10.5145177841,19.6234083176,33.5043821335,67.9742126465],"8":[0.9317724109,42.5668268204,65.8381614685,91.4198722839,164.5211181641],"9":[14.0540113449,115.7478237152,181.0800704956,245.5650978088,439.655090332],"10":[2.468984127,15.6394088268,23.6722536087,33.3024463654,59.7294616699],"11":[0.6374121904,7.0887092352,10.9468240738,15.7780153751,28.8043613434],"12":[1.7704952955,43.8300485611,85.6766395569,152.0802536011,313.7060852051],"13":[6.2879266739,65.410118103,89.2596054077,110.4774188995,174.2606811523],"14":[0.1712103486,12.8499577045,26.8850631714,63.0830039978,138.4210357666]}}