{"value":{"0":[40.0224647522,94.0545597076,127.9935798645,163.8389816284,268.5154724121],"1":[16.9245986938,46.3019447327,72.9030609131,95.2150764465,166.7391815186],"2":[22.4696464539,78.50756073,118.9684524536,167.7117614746,301.5069885254],"3":[0.7250218987,15.7688546181,27.0701389313,43.0599431992,83.6163635254],"4":[7.7540006638,17.5915966034,23.1246747971,29.410138607,47.1095085144],"5":[6.5329642296,22.8892803192,33.9345855713,46.9191017151,82.812461853],"6":[16.9181747437,57.1765556335,84.8796653748,120.9068412781,216.1145629883],"7":[3.986682415,15.060395956,25.1615524292,41.7655410767,81.5511932373],"8":[14.9192028046,47.3160057068,65.7166442871,87.1029453278,146.029083252],"9":[11.3325662613,106.5198783875,189.2772979736,230.3684692383,381.2059326172],"10":[5.3090572357,22.2698421478,34.3594875336,47.4760360718,84.8546905518],"11":[3.1053302288,12.2397329807,17.812877655,23.7460575104,40.9983520508],"12":[4.1168441772,41.7145195007,79.6322479248,137.5510864258,280.4644470215],"13":[0.0,70.956653595,101.8302154541,120.7541389465,192.856628418],"14":[0.0,19.6263327599,36.3263587952,75.273147583,158.7058258057]}}