{"Ayeyarwady":{"1":[0.0,0.0000001333,0.0000283772,0.0025002566,0.0060467129],"2":[0.0,0.0,0.0000001032,0.0001349587,0.0003305571],"3":[0.0,0.0000000488,0.0000090136,0.0016250369,0.0040000579],"4":[0.027876718,0.0943080615,0.1747783199,0.4060758129,0.8709895015],"5":[0.0,0.0,0.0,0.0,0.0],"6":[78.9223327637,103.1982917786,113.5661659241,122.9452285767,152.4491271973],"7":[117.5477600098,158.1874732971,184.3294754028,203.3008155823,268.5154724121],"8":[102.7043685913,135.8690338135,149.7472457886,167.7838973999,215.4161682129],"9":[40.0224647522,58.8368787766,67.1793289185,82.1023960114,116.5974273682],"10":[8.3256940842,12.2640895844,13.6948590279,15.0171129704,19.1156597137],"11":[0.501191318,1.4289317727,1.7013515234,2.3328285217,3.6870822906],"12":[0.0001170047,0.0020694818,0.0175245777,0.0596853709,0.1441232711]},"Bago":{"1":[0.0,0.0,0.0,0.0000001085,0.0000002162],"2":[0.0,0.0,0.0,0.0,0.0],"3":[0.0,0.0,0.0,0.0010001477,0.0025002947],"4":[0.0352964252,0.1740992367,0.3523180187,0.6556122303,1.3765403032],"5":[0.0,0.0,0.0,0.0,0.0],"6":[31.7417678833,58.2364120483,72.9227905273,86.5444793701,128.6398010254],"7":[36.6950073242,71.669128418,93.3113555908,112.5230865479,173.2906646729],"8":[42.7537918091,73.567855835,89.3572235107,101.5845947266,143.4259490967],"9":[16.9245986938,31.6186923981,37.1221046448,42.7346687317,59.2817382812],"10":[3.353597641,6.9838843346,8.3288354874,10.5377140045,15.7935943604],"11":[0.1479563862,0.5915802121,0.956215024,1.4897133112,2.7824668884],"12":[0.0000000831,0.0014497598,0.0173504036,0.0393764786,0.0960272998]},"Chin":{"1":[0.0,0.0000187747,0.0029222572,0.0090444097,0.0225825757],"2":[0.0000224367,0.0091747232,0.0530004315,0.1457063109,0.3467786312],"3":[0.0096670175,0.3726773858,0.9878869057,2.0355942249,4.5123076439],"4":[1.0360913277,4.0199046135,6.090075016,8.8903093338,16.1467227936],"5":[0.0,0.0,0.0,0.0,0.0],"6":[49.1830596924,97.3092498779,125.3985595703,152.5774230957,232.6211242676],"7":[62.7960281372,154.7670135498,192.8973236084,240.6097564697,368.2258911133],"8":[48.0447540283,95.3595962524,120.162437439,150.8620300293,233.2440795898],"9":[24.2024784088,54.3007850647,66.3452301025,74.9503631592,104.8816375732],"10":[12.6869192123,18.1935100555,21.0067882538,23.5984306335,31.6222190857],"11":[0.3437969387,0.8887791634,1.2147282362,1.7313220501,2.9639184475],"12":[0.0000030263,0.0016648095,0.0106128138,0.02678941,0.0642022491]},"Kachin":{"1":[0.0000005347,0.0000780356,0.0058866208,0.1219006553,0.304143995],"2":[0.0002363271,0.0087907072,0.0608575195,0.4273613691,1.0525027514],"3":[-1.0,0.0708641559,0.2435401529,0.8170709014,1.9344011545],"4":[-1.0,0.4142431021,1.0297093391,1.9384886026,4.2087392807],"5":[0.0,0.0,0.0,0.0,0.0],"6":[-1.0,17.9480342865,31.6390590668,44.9194831848,82.6760940552],"7":[-1.0,25.4462566376,41.0604515076,55.3362312317,99.7413253784],"8":[-1.0,19.1533985138,32.4961051941,42.9884338379,78.2049713135],"9":[-1.0,7.359869957,15.6861057281,21.1219482422,40.7300491333],"10":[-1.0,2.6860313416,4.9199748039,7.1056218147,13.7190313339],"11":[0.020230215,0.0964065045,0.2333642095,0.6915110946,1.5766367912],"12":[0.0000000032,0.000057899,0.0033828351,0.0750531331,0.1866627932]},"Kayah":{"1":[0.0,0.0000005053,0.0008927712,0.0072658247,0.0180925056],"2":[0.0,0.0000000467,0.0000003147,0.002172089,0.0052955211],"3":[0.0000001196,0.0002053459,0.0036356883,0.0288845999,0.0718495548],"4":[0.2062319517,0.3529780284,0.5145811141,1.1523701549,2.3175680637],"5":[-1.0,0.0,0.0,3.0637007356,7.6400194168],"6":[7.7540006638,13.1681349277,17.2738742828,22.4028220177,35.3656425476],"7":[13.5852994919,21.640563488,27.0051898956,32.4748544693,47.561252594],"8":[17.4370670319,25.6324768066,30.0938711166,36.2062606812,51.0274238586],"9":[11.4062175751,15.4910614491,18.5004796982,22.8925189972,33.5254554749],"10":[-1.0,2.7181321383,3.5463558435,5.3070170879,9.1223516464],"11":[0.0935093015,0.321303308,0.4886717796,1.1056953669,2.2582535744],"12":[0.0000264698,0.0003862686,0.0057441234,0.0411541928,0.0991836339]},"Kayin":{"1":[0.0,0.0,0.0000002794,0.0011250851,0.0028126305],"2":[0.0,0.0,0.0016563122,0.0140570104,0.0348823182],"3":[0.0,0.0039438521,0.0456028227,0.1591100618,0.3885232508],"4":[0.0881113037,0.3269238099,0.5792221427,1.1044545174,2.2481729984],"5":[0.0,0.0,0.0,0.0,0.0],"6":[6.5329642296,23.9460701942,30.9265518188,40.4278869629,64.9275131226],"7":[8.1539573669,30.4870672226,39.5114459991,52.6834774017,83.8382110596],"8":[12.4795532227,35.8227233887,43.266544342,55.4056406021,84.5217819214],"9":[11.0229387283,15.4634468555,19.9466152191,26.171432972,42.1403923035],"10":[1.7953475714,3.1696902514,4.221039772,6.2502926588,10.8544025421],"11":[0.0113149313,0.0813795496,0.1711515933,0.4946671352,1.1113929749],"12":[0.0,0.0,0.0000000026,0.0009497212,0.0023138041]},"Magway":{"1":[0.0,0.0000000932,0.0001877629,0.0051250354,0.0127502587],"2":[0.0,0.0,0.000000115,0.0028750511,0.0071875001],"3":[0.0,0.0,0.000050721,0.0165636847,0.041236572],"4":[0.0840367451,0.4462022707,0.9275631309,1.7390223444,3.6759097576],"5":[0.0,0.0,0.0,0.0,0.0],"6":[21.8362903595,65.7879905701,83.4992523193,112.0869827271,181.1886444092],"7":[32.6576042175,94.5396671295,126.1868476868,163.2521820068,265.0096435547],"8":[29.4402828217,76.1022129059,96.7240600586,124.3874378204,196.1641693115],"9":[16.9181747437,37.1473960876,46.8679580688,58.1736297607,89.1427383423],"10":[5.8116822243,9.8547763824,12.7974481583,16.2284355164,25.6013088226],"11":[0.2380648553,0.6504128873,0.9588921666,1.600145787,3.0107080936],"12":[0.0000000003,0.0000598434,0.002246635,0.0176251195,0.0437780432]},"Mandalay":{"1":[0.0,0.0000000328,0.0000011411,0.0026250311,0.0065300623],"2":[0.0,0.0000000087,0.0000011084,0.0023750569,0.0058750412],"3":[0.0,0.0,0.0000002218,0.004760416,0.0110351639],"4":[0.0712981075,0.2945339084,0.5451201797,1.0516626537,2.177697897],"5":[0.0,0.0,0.0,0.0,0.0],"6":[3.986682415,12.8486652374,23.9396896362,38.3054056168,71.2136611938],"7":[4.0441541672,17.5535225868,33.1098232269,54.2625350952,109.0512466431],"8":[6.1785693169,19.6637940407,33.5032272339,50.70262146,94.8909835815],"9":[5.9642100334,13.6178402901,18.9096689224,25.8431010246,44.0884971619],"10":[3.9583313465,6.8111395836,8.1527476311,9.8686199188,14.3356342316],"11":[0.1181244254,0.4051457196,0.6231659055,1.1683824658,2.2827465534],"12":[0.0000000003,0.000187932,0.001568439,0.0218625409,0.0543118306]},"Mon":{"1":[0.0,0.0,0.0000005063,0.0000411843,0.0000784216],"2":[0.0,0.0001111921,0.0031327824,0.0114330528,0.0282037575],"3":[0.000010946,0.0101365061,0.0331820659,0.082647521,0.1878431141],"4":[0.0162796453,0.1457915306,0.2967744917,0.5407548845,1.1208074093],"5":[0.0,0.0,0.0,0.0,0.0],"6":[-1.0,48.1903066635,57.8483142853,84.1544761658,137.2225799561],"7":[-1.0,63.1206703186,75.2366600037,113.421503067,180.470123291],"8":[40.6728439331,64.8621139526,76.2588577271,102.7202358246,159.415435791],"9":[-1.0,25.616601944,31.4636917114,55.6104383469,100.2657852173],"10":[2.727586031,4.9048790932,6.0837631226,7.9477938414,12.2065582275],"11":[0.010827492,0.0716231577,0.1555745602,0.3968974501,0.8806605339],"12":[0.0,0.0000002683,0.0001304636,0.004063242,0.009937509]},"Rakhine":{"1":[0.0,0.0000076533,0.0001160559,0.0067501687,0.0166470036],"2":[0.0,0.0000060991,0.0004375,0.0091987532,0.0228461549],"3":[0.0,0.0,0.0022500786,0.0412174761,0.1027480289],"4":[0.1161880717,0.4873237312,0.8761206269,1.3356071711,2.5922732353],"5":[0.0,0.0,0.0,0.0,0.0],"6":[99.4325866699,152.1789093018,183.5760040283,205.425201416,265.163482666],"7":[166.6651153564,237.600982666,275.5615234375,304.4446411133,381.2059326172],"8":[130.3329925537,174.5001983643,200.4642944336,219.2405395508,282.0703430176],"9":[52.2156486511,74.8466186523,83.3756408691,91.1490859985,115.174621582],"10":[9.6385755539,14.5133857727,17.4625682831,20.5209751129,29.4729747772],"11":[0.1623553336,0.7968480587,1.2392089367,1.9287916422,3.6108779907],"12":[0.0000098558,0.0006105128,0.0073263729,0.0299350154,0.0738761127]},