{"value":{"Ayeyarwady":[1.00786085,5.741542435,14.87023621,30.65231018,67.73632812],"Bago":[1.00985403,1.3880991,1.90625019,2.39313087,3.54816437],"Chin":[1.61114502,3.00440712,4.40872822,22.168708035,45.78258057],"Kachin":[3.10966282,3.5560051,5.01601963,26.3205562625,44.06451416],"Kayah":[1.04003935,2.289131735,3.84688854,4.84623585,7.53495483],"Kayin":[1.04049635,1.37259474,5.52778168,12.88916016,20.81434021],"Magway":[1.02538023,1.27603693,1.574858,2.83710651,4.89376755],"Mandalay":[1.01411915,1.2555747,1.61392422,2.46318626,4.19784203],"Mon":[1.05217142,2.0218712325,3.03128481,5.35280743,9.38590775],"Rakhine":[1.02117624,5.171300415,12.11766167,25.41310234,55.51850586],"Sagaing":[1.02389193,1.48702364,2.22300949,3.01190968,4.49034691],"Shan":[1.00229244,1.319245815,2.83315964,6.22984943,10.54436188],"Tanintharyi":[1.01680555,3.71603737,10.2784729,21.99000397,49.18361206],"Yangon":[1.10140429,2.94383183,6.94548798,13.495224,25.75516968],"National":[1.00229244,2.55385971,6.8851944,20.5519371,47.33204956]}}