{"value":{"0":[49.9126853943,110.1166648865,139.4984741211,163.2591629028,240.0718536377],"1":[23.1999855042,53.2911062241,80.5059013367,100.6223449707,170.961227417],"2":[23.7359371185,85.796995163,134.5276031494,175.5256652832,309.98828125],"3":[1.0377721786,17.9770641327,31.4603061676,51.3759346008,100.0184402466],"4":[10.7747917175,21.529443264,26.1091060638,31.8045487404,47.0296478271],"5":[8.2709350586,26.2211647034,37.3555374146,49.9336128235,85.4699478149],"6":[19.4853916168,63.1655845642,94.0722961426,126.5533504486,221.2607574463],"7":[4.7221050262,18.6936149597,30.1710386276,47.0251083374,89.4161834717],"8":[19.118932724,53.6366682053,70.9037857056,94.0656147003,154.1635742188],"9":[11.5999946594,123.9150562286,189.3957214355,227.1132049561,378.1512145996],"10":[6.4571933746,24.1972026825,39.3592338562,56.308889389,101.2112197876],"11":[3.9780414104,14.8793449402,21.3709840775,28.6859784126,49.3565826416],"12":[4.5820102692,43.9004850388,82.296913147,141.5769424438,287.8930664062],"13":[9.0468196869,77.3198852539,108.2846374512,124.3643074036,191.5605316162],"14":[0.0,22.8852739334,42.032409668,82.4962749481,171.8992462158]}}