{"Ayeyarwady":{"1":[0.0,0.0000001021,0.000016159,0.0025000456,0.0061265174],"2":[0.0,0.0,0.0000000108,0.0001072818,0.000265921],"3":[0.0,0.0000001255,0.0000312552,0.0022619509,0.0056367866],"4":[0.0455622599,0.18866992,0.328259185,0.6199015826,1.256549716],"5":[10.53835392,14.1379876137,15.7048120499,18.1934428215,24.221862793],"6":[111.2143707275,131.5182876587,143.5462646484,156.9299163818,194.6262207031],"7":[110.0976333618,150.6406707764,174.0138015747,191.8655166626,246.428817749],"8":[97.6299133301,130.0172729492,142.0247573853,158.1119041443,199.9557952881],"9":[49.9126853943,68.0304336548,75.9585647583,87.2781467438,115.9109573364],"10":[10.6193761826,13.3056607246,14.6860795021,17.2846474648,23.2162704468],"11":[1.1037914753,2.0504667759,2.6593854427,3.2540727854,5.0188684464],"12":[0.0002148153,0.0049232394,0.0253839549,0.0797900371,0.1904131472]},"Bago":{"1":[0.0,0.0,0.0,0.000000165,0.0000003433],"2":[0.0,0.0,0.0,0.0,0.0],"3":[0.0,0.0,0.0,0.0012326813,0.0030353991],"4":[0.1214612499,0.3309663832,0.6247199178,0.9657640457,1.9175307751],"5":[7.4525208473,11.9362697601,13.773979187,16.4065666199,22.9828777313],"6":[40.7837562561,77.1150283813,97.6175231934,110.8271255493,160.953994751],"7":[40.4491004944,71.9266815186,90.5952148438,107.8406219482,159.0758666992],"8":[42.8128166199,72.7518081665,87.1219406128,97.8799438477,134.5771331787],"9":[23.1999855042,39.3224639893,45.4755058289,51.7713737488,70.0179214478],"10":[4.0868201256,8.2746162415,10.1891555786,12.8466129303,19.4699993134],"11":[0.3342246413,1.0064762831,1.4277045727,2.0644085407,3.5847251415],"12":[0.0000042579,0.0006781457,0.0181404278,0.0365720131,0.0885772556]},"Chin":{"1":[0.0,0.0000133131,0.00275,0.0080684628,0.0201041102],"2":[0.0000953898,0.0136663886,0.070141986,0.1943938434,0.4620316625],"3":[0.0059905364,0.4689777493,1.0316320658,2.2258005142,4.8584480286],"4":[1.284809947,4.1671609879,5.6086916924,7.6560473442,12.8842906952],"5":[11.4994440079,19.7892417908,22.7375526428,26.044424057,35.1315574646],"6":[72.8348999023,131.0286102295,153.1148071289,177.1499023438,245.711151123],"7":[57.1694793701,141.0502471924,181.7095489502,223.9764709473,348.0125427246],"8":[50.5794830322,101.8081588745,134.750213623,170.2369995117,240.0824432373],"9":[27.4581222534,58.7597503662,70.2857437134,80.3699493408,112.4559326172],"10":[13.1590690613,17.9066352844,19.7723941803,22.1094837189,28.3848590851],"11":[0.3248042464,1.1757667065,1.630045414,2.2031798363,3.7058119774],"12":[0.000203595,0.0028036705,0.0094752125,0.0319223404,0.0748057514]},"Kachin":{"1":[0.0000001851,0.0001448395,0.0063893823,0.1247204244,0.3104354441],"2":[0.0003083005,0.0190551803,0.0954316184,0.4874890149,1.16533041],"3":[-1.0,0.1102665663,0.3437509239,0.9455456138,2.1943774223],"4":[-1.0,0.5095153451,1.2707691193,2.2055149078,4.7363519669],"5":[-1.0,6.1490797997,10.3951034546,14.8870277405,27.9830856323],"6":[-1.0,23.3863830566,40.4058799744,62.2755622864,116.0504226685],"7":[-1.0,33.3440246582,53.363658905,64.9766311646,111.5927124023],"8":[-1.0,18.9293498993,34.6865348816,45.4133224487,83.117477417],"9":[-1.0,8.5612611771,17.0543556213,22.5906772614,43.0435066223],"10":[-1.0,2.4741938114,4.0683941841,6.029062748,11.3518123627],"11":[0.0205013976,0.1132678315,0.2422563434,0.7351279855,1.6570718288],"12":[0.0000000109,0.0001246437,0.0056577483,0.0827245191,0.2046023011]},"Kayah":{"1":[0.0000000145,0.0000015971,0.0010410846,0.0078814116,0.0193780549],"2":[0.0,0.000000003,0.0000001815,0.0020703334,0.0049375556],"3":[0.0000023488,0.0021449256,0.0077314682,0.0413689017,0.0982449353],"4":[0.4429581463,0.6478399634,0.8383226097,1.5788711905,2.9361219406],"5":[5.692047596,7.7806146145,8.7893261909,11.262059927,16.4147186279],"6":[10.7747917175,18.0510702133,23.4902124405,29.9184799194,46.7175254822],"7":[14.0230970383,21.997218132,27.0566654205,32.5995960236,47.0296478271],"8":[17.5758056641,25.1348414421,30.0066576004,35.1928167343,50.0934944153],"9":[15.2231445312,20.9759402275,24.188170433,28.992228508,39.9057121277],"10":[2.5410189629,4.3370651007,5.1878020763,7.0171211958,10.9253902435],"11":[0.2425981313,0.7132047862,0.9949571788,1.5869427323,2.8739469051],"12":[0.0000453036,0.0009795971,0.0065411106,0.0449812934,0.1063023061]},"Kayin":{"1":[0.0,0.0,0.0000001141,0.0008125421,0.0020001719],"2":[0.0,0.0000000707,0.0017980004,0.0155684678,0.0380962566],"3":[0.0,0.0044346655,0.0400201399,0.1529905349,0.3733112216],"4":[0.2565915287,0.5807413459,0.9518318176,1.4305444062,2.6875360012],"5":[3.9551346302,6.9287279844,8.6339216232,11.3530347347,17.8204116821],"6":[8.2709350586,28.2053637505,38.0032176971,50.0157575607,82.6545791626],"7":[9.3671064377,32.5219373703,40.7625198364,55.2379589081,88.8418197632],"8":[14.5937423706,35.9393377304,43.7314624786,59.026720047,93.4667434692],"9":[13.7649803162,18.8898539543,23.9407711029,29.9632711411,46.4628181458],"10":[2.2425813675,3.7828697562,5.096521616,7.7307032347,13.6416578293],"11":[0.1058075204,0.1978701241,0.3919485062,0.8475868404,1.8201895952],"12":[0.0,0.0,0.000000119,0.000984375,0.0024377545]},"Magway":{"1":[0.0,0.0000000383,0.0001250003,0.0033125507,0.0082500335],"2":[0.0,0.0000000295,0.000059249,0.0048125332,0.0116588352],"3":[0.0,0.0,0.0001609663,0.0226315204,0.0565251485],"4":[0.1578653008,0.5686818212,1.1800115705,2.0400147438,4.2003693581],"5":[6.167579174,10.560094595,13.0430121422,17.067595005,26.709066391],"6":[33.6091117859,86.34907341,107.7188720703,131.665184021,198.8691558838],"7":[33.0724258423,90.6380176544,120.984046936,156.7608146667,255.7248382568],"8":[30.3837947845,80.0688552856,100.61901474,123.727142334,188.5502624512],"9":[19.4853916168,41.6549186707,51.7359828949,63.9771823883,97.4482345581],"10":[6.0350217819,10.3132820129,13.455013752,17.1955718994,27.4713230133],"11":[0.3921302259,1.1020983756,1.5016094446,2.2870969772,4.0285506248],"12":[0.0000002193,0.0015200515,0.0085039251,0.0306042735,0.0740771815]},"Mandalay":{"1":[0.0,0.0,0.0000001219,0.0015000566,0.0037500421],"2":[0.0,0.0000000234,0.0000260635,0.0026250309,0.0063750572],"3":[0.0,0.0,0.0000056704,0.0062476497,0.0156058911],"4":[0.2142855674,0.4610410258,0.6738197803,1.2205958068,2.3460066319],"5":[3.7600059509,5.8452372551,7.7071814537,9.7396316528,15.5370235443],"6":[6.580072403,20.1047139168,34.7481193542,55.2735443115,96.3152923584],"7":[4.7221050262,17.9114561081,34.0276260376,51.1731061935,99.6787490845],"8":[7.4379792213,21.0041351318,33.683889389,50.8709793091,94.6152648926],"9":[8.9013700485,17.8580646515,24.6646642685,32.2438335419,53.6816215515],"10":[4.4658379555,7.0299822092,8.6100172997,10.5605363846,15.7801885605],"11":[0.1756619215,0.5859422684,1.1235591769,1.7544001341,3.4830927849],"12":[0.0000023563,0.0013172488,0.0133718126,0.0415037312,0.101176098]},"Mon":{"1":[0.0,0.0,0.0000012212,0.0000850903,0.0001875662],"2":[0.0,0.0001211742,0.0062967031,0.0120793178,0.0293221418],"3":[0.0000414903,0.0093136185,0.0380127411,0.0844077226,0.1970133632],"4":[0.075342305,0.3329742849,0.5855994523,0.869803369,1.5407488346],"5":[6.0078492165,10.0235328674,11.7972140312,15.6810963154,24.1110553741],"6":[-1.0,58.5721168518,67.8298225403,101.1399021149,160.8774261475],"7":[-1.0,66.7655220032,80.7244415283,120.3851318359,180.5990600586],"8":[-1.0,69.4834442139,81.161567688,121.6055412292,199.7868347168],"9":[-1.0,27.6885762215,33.4099826813,55.6885929108,96.1007003784],"10":[-1.0,5.6967418194,7.5795094967,11.1725478172,18.3959598541],"11":[0.0980753675,0.2341350019,0.3077009618,0.6141808778,1.1818320751],"12":[0.0,0.000008938,0.0001524883,0.0047864324,0.0112502659]},"Rakhine":{"1":[0.0,0.0000120199,0.0002939021,0.0065001138,0.0161959324],"2":[0.0,0.0000170993,0.000398185,0.0091517307,0.0228461549],"3":[0.0,0.0000000361,0.0023728497,0.0563016646,0.1403610557],"4":[-1.0,0.657561183,1.1396895647,1.7702664137,3.4205572605],"5":[13.035402298,16.7654724121,18.4490814209,21.4133815765,28.121843338],"6":[142.9883422852,175.8326873779,195.665145874,221.6605529785,283.0534362793],