{"value":{"0":[3.5651993752,20.5250148773,31.9600963593,46.1906833649,83.8384552002],"1":[4.1497087479,22.9330701828,35.8687381744,49.5401315689,89.3869094849],"2":[1.303925395,19.4072828293,41.4450340271,73.319776535,119.2569274902],"3":[0.6938918233,4.8636900187,8.3789205551,14.3876647949,28.3159046173],"4":[7.3888688087,28.3921928406,44.2894153595,58.6636428833,101.2341156006],"5":[4.805978775,22.1754937172,35.0483188629,51.6801357269,95.164352417],"6":[2.3713071346,26.4801058769,48.9389667511,70.3128051758,134.8447113037],"7":[1.6294499636,26.4491305351,52.4883804321,76.7345504761,122.9259262085],"8":[4.9763469696,19.4810676575,30.1485452652,44.4380321503,81.5888442993],"9":[6.5248117447,26.7020235062,42.7800865173,63.5330858231,116.4690551758],"10":[0.6802614927,12.9663219452,27.6194601059,50.933555603,106.5011138916],"11":[1.0094640255,24.4087953568,51.1623191833,74.4142742157,148.8468475342],"12":[3.5625662804,16.9608058929,28.6643981934,51.185874939,101.8729019165],"13":[7.1900854111,23.941696167,36.8673496246,51.6796731949,92.2613372803],"14":[0.6802614927,20.3324933052,37.158416748,61.0747785568,122.1879577637]}}