{"Ayeyarwady":{"1":[0.0000000003,0.0000195691,0.0021266048,0.0283975722,0.0699755549],"2":[0.0000065308,0.0011546013,0.0440510623,0.2277234234,0.5650461912],"3":[0.0011278623,0.0116527784,0.1862357333,0.6808774769,1.6472883224],"4":[0.0554516502,0.5286416858,1.2865431905,2.8784114122,6.3290982246],"5":[1.3812377453,6.26389575,9.8935976028,13.6661365032,24.6606311798],"6":[5.9247097969,21.0575194359,31.3613929749,47.2221298218,83.8384552002],"7":[11.2820920944,33.0989742279,43.0520153046,57.8592805862,91.659324646],"8":[9.5837059021,28.0489282608,35.0106143951,45.8324384689,72.3991165161],"9":[3.5651993752,11.8569204807,16.1867046356,23.058529377,39.5290489197],"10":[1.1006966829,4.485371232,6.7133691311,10.3296477795,18.2418670654],"11":[0.1173352301,0.4637016356,0.8221364915,1.7723571658,3.6167187691],"12":[0.0000195434,0.0035645106,0.018001331,0.1231379677,0.2995283008]},"Bago":{"1":[0.0000002572,0.0000501532,0.0035993427,0.0497621261,0.1241135374],"2":[0.0001248876,0.0029017483,0.0834749714,0.3476132154,0.8566399813],"3":[0.0020485718,0.0515896641,0.3546142876,1.0990792513,2.6178042889],"4":[0.0729743987,0.6148298979,1.5804288387,3.5510537624,7.9307041168],"5":[1.5701200962,7.4554138184,11.0247554779,15.0665359497,26.4227313995],"6":[8.0835933685,27.7231140137,37.8808670044,51.8476715088,87.8406906128],"7":[18.0685787201,40.9383583069,50.5624389648,63.7388153076,96.8863296509],"8":[14.524477005,29.4715995789,36.251914978,45.7333869934,69.8824920654],"9":[4.1497087479,12.3583631516,16.299200058,22.1557273865,36.7271194458],"10":[0.99132061,4.1521639824,6.0795097351,8.8963918686,15.7603435516],"11":[0.0858458281,0.376457274,0.5939306617,1.445795536,3.0263905525],"12":[0.0000150573,0.0017594139,0.0114865722,0.1189574674,0.2913829982]},"Chin":{"1":[0.0000021374,0.0001862845,0.0015698848,0.235498026,0.5709456205],"2":[0.0002404644,0.01440454,0.0989472382,0.7406393886,1.8195338249],"3":[0.0085073067,0.1821132898,0.750464648,1.5459668934,3.5734598637],"4":[0.0548164882,0.968998611,2.9900126457,4.8594632149,10.6349115372],"5":[0.9157646894,9.8480854034,22.8507213593,32.066608429,63.4956016541],"6":[8.1467933655,37.0562705994,70.8102607727,82.1346740723,117.0788116455],"7":[7.7390727997,38.4915657043,73.7919044495,86.1900863647,119.2569274902],"8":[5.0592622757,25.0125393867,45.0685882568,54.3799552917,79.4040679932],"9":[1.303925395,9.7121424675,18.7228069305,23.2625479698,37.6603736877],"10":[0.2395160794,2.7209829092,4.5564548969,6.6800284386,12.5470819473],"11":[0.0203883704,0.146235954,0.3979605734,1.1861626506,2.6094954014],"12":[0.0000033342,0.0003029125,0.004366315,0.1649239138,0.3918702304]},"Kachin":{"1":[0.0000000243,0.0000026844,0.0000533232,0.0549795311,0.1370636672],"2":[0.0000345286,0.0004231813,0.0021191164,0.2215353101,0.5497005582],"3":[0.0055909893,0.02119639,0.0730889291,0.7517167777,1.8280419111],"4":[0.0486311913,0.2111210935,0.532515198,1.7039111257,3.9219052792],"5":[0.7502127886,1.7936177552,3.9393466711,6.885127306,14.5217533112],"6":[3.5207605362,7.9633216858,11.8606834412,18.2016015053,33.5374145508],"7":[4.193918705,8.3082447052,12.7972631454,19.2831583023,35.6894340515],"8":[2.1084349155,4.7139374018,7.0788445473,11.6707415581,21.4737854004],"9":[0.6938918233,1.3896632195,3.0306556225,5.3608304262,10.4822387695],"10":[0.0861537158,0.2050467432,0.4444065094,1.8650302589,3.9761354923],"11":[0.0022096599,0.0107985621,0.0227633426,0.3008818924,0.7179542184],"12":[0.0000000017,0.0000004185,0.0000247382,0.0190599831,0.0462815054]},"Kayah":{"1":[0.0000000573,0.0001217448,0.0108862533,0.0682873335,0.1637671888],"2":[0.0000778558,0.0177564924,0.1236301847,0.4990935549,1.1868480444],"3":[0.0041789953,0.1453219019,0.634406805,1.35227862,3.1307778358],"4":[0.1151290163,0.892439723,2.2908812761,3.8167854548,8.0623941422],"5":[3.7741718292,10.2838795185,14.1531324387,18.5340261459,29.4691619873],"6":[17.0147342682,40.415930748,51.3589229584,60.1828479767,89.6236038208],"7":[30.3662509918,52.4683694839,64.5970306396,77.2152233124,113.4916305542],"8":[18.3625602722,34.9906959534,42.4195384979,49.9921693802,71.0819396973],"9":[7.3888688087,15.7435655594,20.050406456,25.6357536316,39.9171524048],"10":[1.7503272295,5.0720022917,7.1186618805,10.1868786812,17.197057724],"11":[0.0821443424,0.3811382726,0.7024920285,1.7310469449,3.2897787094],"12":[0.0000112046,0.0007828367,0.0191449374,0.1283187345,0.2791026533]},"Kayin":{"1":[0.0000000002,0.0000339956,0.0037073968,0.0377584249,0.0912765041],"2":[0.0000062032,0.0033274067,0.0768807381,0.2825155854,0.696454823],"3":[0.0002464739,0.0358767547,0.3334513605,0.8582528234,2.0550215244],"4":[0.0845471323,0.591691196,1.7407482862,3.1923880577,7.0684657097],"5":[2.0013003349,8.0865774155,10.8625202179,15.0406017303,25.2217597961],"6":[7.8003511429,23.787519455,34.342250824,58.9072875977,111.2447052002],"7":[10.740032196,35.8362388611,48.4489860535,69.8383789062,120.8114395142],"8":[9.0631513596,29.3426551819,38.3790855408,51.5022773743,84.365196228],"9":[4.805978775,13.7172327042,17.4104862213,26.0181026459,44.4562988281],"10":[1.7129708529,4.9889550209,7.3768897057,10.1931858063,17.9738254547],"11":[0.1300055683,0.4925233126,0.9324578047,1.9456599951,4.0019993782],"12":[0.0000262005,0.002658067,0.0229539974,0.1453064382,0.3592652678]},"Magway":{"1":[0.0000000447,0.0000788525,0.0025072919,0.1155866347,0.2831577361],"2":[0.0000767605,0.0152787745,0.1171061881,0.5353655368,1.3099358082],"3":[0.0055304281,0.15868444,0.7597140074,1.5955839455,3.7300727367],"4":[0.0798866376,1.1058268249,2.5059782267,4.094829917,8.2610464096],"5":[1.8322960138,10.8923134804,16.3850717545,21.156036377,36.5100135803],"6":[11.6523609161,45.6203556061,64.4183349609,78.0067386627,123.2998733521],"7":[17.615398407,59.4539833069,78.3420600891,87.8142929077,130.2356262207],"8":[16.2024879456,37.9773359299,46.54205513,53.3106384277,75.1745910645],"9":[2.3713071346,14.6403870583,19.8503236771,24.020409584,37.5742874146],"10":[0.3631304204,3.9357300997,5.2639694214,7.9351516962,13.6098632812],"11":[0.0442469381,0.2872431055,0.5548609495,1.4203588068,3.1041073799],"12":[0.0000054103,0.0002881643,0.0035196597,0.1382559687,0.3443074524]},"Mandalay":{"1":[0.0000015683,0.0002246504,0.0089526186,0.1810239442,0.4459180832],"2":[0.0007472318,0.032652067,0.1338044554,0.733003661,1.767799139],"3":[0.009750871,0.293640241,0.8046731651,1.6703309715,3.6700959206],"4":[0.0683247373,1.4312237799,2.7248488665,4.6031382084,9.3413715363],"5":[1.612711668,13.9917728901,19.2088327408,24.5761022568,39.4841461182],"6":[12.5702571869,54.1668119431,70.723400116,81.9387187958,119.6537475586],"7":[31.7003898621,66.7982978821,80.1516189575,90.6675262451,122.9259262085],"8":[12.6376399994,37.9586896896,49.5237522125,56.3671073914,81.0748214722],"9":[3.1749463081,15.792943716,20.371796608,24.2403349876,36.3188247681],"10":[0.3186454773,4.0230611563,5.1599471569,7.6501808167,13.0094871521],"11":[0.0322854891,0.325166598,0.6799532473,1.3963813484,2.9762787819],"12":[0.0000072129,0.0003265534,0.0104049845,0.1652182937,0.3964220583]},"Mon":{"1":[0.0000000002,0.0000113129,0.0002449268,0.0262503196,0.0620632023],"2":[0.0000038332,0.0006828588,0.0243678428,0.1804716736,0.4384431541],"3":[0.0002552616,0.0073098247,0.1136332899,0.586504817,1.4273117781],"4":[0.0850662664,0.5170707703,0.9579641819,2.7232551575,5.8835067749],"5":[2.8858361244,6.5381507874,9.4054870605,13.9652585983,24.9607830048],"6":[8.6131296158,18.9471721649,26.7844543457,44.6626739502,80.7518310547],"7":[10.0323123932,29.9049015045,39.0775413513,53.9951248169,78.8265075684],"8":[8.3922729492,26.8281173706,34.5718231201,42.8377342224,65.429901123],"9":[4.9763469696,11.9061508179,15.7722902298,22.0859661102,33.3463058472],"10":[1.7566515207,4.8684258461,6.8338799477,10.4721689224,18.6770210266],"11":[0.1703771651,0.4817653,0.7805973291,1.775898695,3.4815430641],"12":[0.0000352418,0.0036753636,0.0115936324,0.1029781587,0.2452089638]},