{"std": {"Ayeyarwady": 520.6260139967366, "Bago": 218.43792989184485, "Chin": 320.57249742972476, "Kachin": 204.19996708409738, "Kayah": 236.09044985172523, "Kayin": 271.3294373402955, "Magway": 193.0518465580359, "Mandalay": 182.56457709659463, "Mon": 324.06008429212864, "Rakhine": 538.6163940236103, "Sagaing": 176.78949498076653, "Shan": 227.395437115509, "Tanintharyi": 376.2902372995526, "Yangon": 264.21604020156644}, "mean": {"Ayeyarwady": -2.7511237242424778, "Bago": 89.6969989482632, "Chin": 142.2559435142704, "Kachin": 92.6174435749121, "Kayah": 98.89933680720038, "Kayin": 133.39817507077817, "Magway": 87.3642957213881, "Mandalay": 71.70975160993561, "Mon": 120.1278454208576, "Rakhine": -17.85027921718569, "Sagaing": 94.72380019588638, "Shan": 127.89265010641873, "Tanintharyi": 27.27958024453644, "Yangon": 90.13846247193739}, "median": {"Ayeyarwady": 0.0, "Bago": 0.0, "Chin": 71.0, "Kachin": 66.0, "Kayah": 0.0, "Kayin": 68.0, "Magway": 0.0, "Mandalay": 0.0, "Mon": 51.0, "Rakhine": 23.0, "Sagaing": 28.0, "Shan": 34.0, "Tanintharyi": 49.0, "Yangon": 0.0}}